Column1,Column2,Column3
0.6949995338539374,0.7767108641657783,0.8625336832937813
0.26084130460851296,0.1684068428979646,0.4319805979876876
0.13717121949936262,0.7516552923494801,0.39620891256936
0.4909420504495805,0.7531949121012094,0.8886303045234586
0.0929821578939738,0.688135199128148,0.3934195440126854
